<?xml version="1.0" encoding="utf-8"?>
<MUPDefinition xsi:schemaLocation="http://schemas.dell.com/openmanage/cm/2/0/mupdefinition.xsd mupdefinition.xsd" xmlns="http://schemas.dell.com/openmanage/cm/2/0/mupdefinition.xsd" xmlns:xsi="http://www.w3.org/2001/XMLSchema-instance">
  <packageinformation>
    <name>Dell | Command Configure</name>
    <version>3.3.0</version>
    <installertype>msi</installertype>
    <packagegrouping>single_package</packagegrouping>
    <packagingtype>zip</packagingtype>
    <releasetype>APP</releasetype>
    <mupspecificationversion>2.4.3</mupspecificationversion>
    <supportedoperatingsystems>
      <osidentifier name="Windows10" architecture="x86" />
	  <osidentifier name="Windows8.1" architecture="x86" />
      <osidentifier name="Windows8" architecture="x86" />
      <osidentifier name="Windows7" architecture="x86" />
      <osidentifier name="XP" architecture="x86" />
      <osidentifier name="Vista" architecture="x86" />
      <osidentifier name="Windows10" architecture="x64" />
	  <osidentifier name="Windows8.1" architecture="x64" />
      <osidentifier name="Windows8" architecture="x64" />
      <osidentifier name="Windows7" architecture="x64" />
      <osidentifier name="XP" architecture="x64" />
      <osidentifier name="Vista" architecture="x64" />
    </supportedoperatingsystems>
	<content>
		<Device componentID="19098">				
			<Image type="APP" version="3.3.0">
				<file>command_configure.msi</file>
            </Image>
		</Device>
	</content>
  </packageinformation>
  	<executable>
		<executablename>msiexec.exe</executablename>
		<requiredparameters>
			<commandlineparameter>/i command_configure.msi</commandlineparameter>
		</requiredparameters>
	</executable>
  <behaviors>
    <behavior name="attended">
	<vendoroption>
	  <optionvalue switch="" requiresvalue="false">REINSTALL=all</optionvalue>
	</vendoroption>
	<vendoroption>			
	  <optionvalue switch="" requiresvalue="false">REINSTALLMODE=vomus</optionvalue>
	</vendoroption>
    </behavior>
    <behavior name="unattended">
      <vendoroption>
        <optionvalue requiresvalue="false" switch="/">qn</optionvalue>
      </vendoroption>
      <vendoroption>
	<optionvalue requiresvalue="false" switch="">REINSTALL=all</optionvalue>
      </vendoroption>
      <vendoroption>
	<optionvalue requiresvalue="false" switch="">REINSTALLMODE=vomus</optionvalue>
      </vendoroption>     
    </behavior>
   </behaviors>
  <parameters>
    <parametermapping name="logfile">
      <vendoroption>
        <optionvalue switch="/" requiresvalue="true" valuedelimiter=" " enclose="&quot;">log</optionvalue>
      </vendoroption>
    </parametermapping>
  </parameters>
  <returncodes>
    <returncodemapping name="SUCCESS">
      <vendorreturncode>0</vendorreturncode>
    </returncodemapping>
    <returncodemapping name="ERROR">
      <vendorreturncode>1602</vendorreturncode>
    </returncodemapping>
    <returncodemapping name="DEP_SOFT_ERROR">
      <vendorreturncode>1603</vendorreturncode>
    </returncodemapping>
    <returncodemapping name="REBOOT_REQUIRED">
      <vendorreturncode>3010</vendorreturncode>
    </returncodemapping>
    <returncodemapping name="ERROR_INSTALL_PLATFORM_UNSUPPORTED">
      <vendorreturncode>1633</vendorreturncode>
    </returncodemapping>
    <returncodemapping name="UNKNOWN_OPTION">
      <vendorreturncode>1608</vendorreturncode>
    </returncodemapping>
  </returncodes>
  <inventorymetadata>
    <fullpackageidentifier>
      <msis>
        <msi componentID="19098">
          <upgradecode>{9EB81A47-E2B0-4B1D-A3EA-B268211F73BD}</upgradecode>
          <version>3.3.0</version>
        </msi>
      </msis>
    </fullpackageidentifier>
  </inventorymetadata>
</MUPDefinition>